{
    "nn_threshold": 0.9728171229362488,
    "xgb_threshold": 0.9851922988891602,
    "deployed_model": "keras_nn",
    "explainability_model": "xgboost",
    "feature_count": 31,
    "feature_names": [
        "V1",
        "V2",
        "V3",
        "V4",
        "V5",
        "V6",
        "V7",
        "V8",
        "V9",
        "V10",
        "V11",
        "V12",
        "V13",
        "V14",
        "V15",
        "V16",
        "V17",
        "V18",
        "V19",
        "V20",
        "V21",
        "V22",
        "V23",
        "V24",
        "V25",
        "V26",
        "V27",
        "V28",
        "Amount_scaled",
        "Hour_sin",
        "Hour_cos"
    ],
    "val_metrics": {
        "nn": {
            "precision": 0.9508196721311475,
            "recall": 0.8169014084507042,
            "f1": 0.8787878787878788,
            "auc_pr": 0.8519296781175678
        },
        "xgb": {
            "precision": 0.9206349206349206,
            "recall": 0.8169014084507042,
            "f1": 0.8656716417910447,
            "auc_pr": 0.7694169040079994
        }
    }
}